timestamp,source,type,title/text,sentiment,unemployment_rate,cpi,sp500,url,publishedAt
2024-01-01 00:00:00,CNBC,news,Federal Reserve signals possible interest rate cut next quarter,-0.51,3.92,257.17,4462.87,https://example.com/article/0,2024-01-01T00:00:00Z
2024-01-01 00:30:00,Financial Times,news,Crypto market sees renewed volatility,-0.936,3.78,266.29,4282.62,https://example.com/article/1,2024-01-01T00:30:00Z
2024-01-01 01:00:00,Financial Times,news,Central bank warns of inflation risks,-0.559,5.27,306.66,3508.45,https://example.com/article/2,2024-01-01T01:00:00Z
2024-01-01 01:30:00,CNBC,news,Consumer confidence hits record high,-0.444,4.15,303.44,3632.87,https://example.com/article/3,2024-01-01T01:30:00Z
2024-01-01 02:00:00,Twitter,twitter,Not sure if the Fed cutting rates is good long term ðŸ¤”,-0.282,4.53,268.52,3556.49,https://example.com/article/4,2024-01-01T02:00:00Z
2024-01-01 02:30:00,Twitter,twitter,Gold going up means fear is back.,-0.75,6.27,255.52,3881.13,https://example.com/article/5,2024-01-01T02:30:00Z
2024-01-01 03:00:00,Twitter,twitter,CPI numbers tomorrow. Brace yourselves.,-0.615,3.71,296.29,4504.99,https://example.com/article/6,2024-01-01T03:00:00Z
2024-01-01 03:30:00,Bloomberg,news,Gold surges as investors seek safe haven assets,-0.24,4.86,308.39,3711.45,https://example.com/article/7,2024-01-01T03:30:00Z
2024-01-01 04:00:00,Twitter,twitter,Feeling nervous about this volatility in crypto ðŸ˜¬,0.34,5.61,297.85,3592.82,https://example.com/article/8,2024-01-01T04:00:00Z
2024-01-01 04:30:00,Reuters,news,Central bank warns of inflation risks,-0.673,4.64,319.27,4332.0,https://example.com/article/9,2024-01-01T04:30:00Z
2024-01-01 05:00:00,Bloomberg,news,Unemployment rate drops to lowest level in a decade,-0.542,3.6,272.08,3848.06,https://example.com/article/10,2024-01-01T05:00:00Z
2024-01-01 05:30:00,CNBC,news,Crypto market sees renewed volatility,-0.575,5.0,311.93,4335.71,https://example.com/article/11,2024-01-01T05:30:00Z
2024-01-01 06:00:00,Reuters,news,US housing market shows signs of cooling down,-0.507,5.18,268.39,4259.96,https://example.com/article/12,2024-01-01T06:00:00Z
2024-01-01 06:30:00,Twitter,twitter,"Unemployment down, but inflation is still high...",-0.561,6.49,285.67,3618.18,https://example.com/article/13,2024-01-01T06:30:00Z
2024-01-01 07:00:00,Reuters,news,Stock markets rally as tech giants post strong earnings,0.255,5.88,279.55,3582.59,https://example.com/article/14,2024-01-01T07:00:00Z
2024-01-01 07:30:00,Twitter,twitter,CPI numbers tomorrow. Brace yourselves.,0.992,5.09,317.98,4619.01,https://example.com/article/15,2024-01-01T07:30:00Z
2024-01-01 08:00:00,MarketWatch,news,Stock markets rally as tech giants post strong earnings,0.502,5.81,273.81,3881.55,https://example.com/article/16,2024-01-01T08:00:00Z
2024-01-01 08:30:00,Bloomberg,news,Global supply chain disruptions continue to weigh on markets,0.908,6.13,268.44,4150.76,https://example.com/article/17,2024-01-01T08:30:00Z
2024-01-01 09:00:00,Bloomberg,news,Central bank warns of inflation risks,0.741,4.4,294.73,4291.66,https://example.com/article/18,2024-01-01T09:00:00Z
2024-01-01 09:30:00,Reuters,news,Unemployment rate drops to lowest level in a decade,0.079,5.84,287.12,3500.74,https://example.com/article/19,2024-01-01T09:30:00Z
2024-01-01 10:00:00,Twitter,twitter,Tech earnings smashing expectations!,-0.961,6.29,311.51,4581.17,https://example.com/article/20,2024-01-01T10:00:00Z
2024-01-01 10:30:00,Twitter,twitter,Feeling nervous about this volatility in crypto ðŸ˜¬,-0.884,6.13,316.29,3611.35,https://example.com/article/21,2024-01-01T10:30:00Z
2024-01-01 11:00:00,Twitter,twitter,Not sure if the Fed cutting rates is good long term ðŸ¤”,0.956,5.1,258.8,4357.68,https://example.com/article/22,2024-01-01T11:00:00Z
2024-01-01 11:30:00,MarketWatch,news,US housing market shows signs of cooling down,0.745,4.77,264.83,4201.08,https://example.com/article/23,2024-01-01T11:30:00Z
2024-01-01 12:00:00,Financial Times,news,US housing market shows signs of cooling down,0.99,5.45,280.67,4172.85,https://example.com/article/24,2024-01-01T12:00:00Z
2024-01-01 12:30:00,Reuters,news,Gold surges as investors seek safe haven assets,-0.872,3.56,288.77,4264.97,https://example.com/article/25,2024-01-01T12:30:00Z
2024-01-01 13:00:00,Bloomberg,news,Stock markets rally as tech giants post strong earnings,-0.542,6.22,310.17,3592.11,https://example.com/article/26,2024-01-01T13:00:00Z
2024-01-01 13:30:00,Financial Times,news,US housing market shows signs of cooling down,-0.572,3.9,315.49,4242.36,https://example.com/article/27,2024-01-01T13:30:00Z
2024-01-01 14:00:00,Twitter,twitter,Feeling nervous about this volatility in crypto ðŸ˜¬,0.569,5.92,263.33,3626.01,https://example.com/article/28,2024-01-01T14:00:00Z
2024-01-01 14:30:00,Twitter,twitter,"Unemployment down, but inflation is still high...",-0.153,4.9,301.04,4375.37,https://example.com/article/29,2024-01-01T14:30:00Z
2024-01-01 15:00:00,Financial Times,news,Federal Reserve signals possible interest rate cut next quarter,0.456,5.9,257.65,3749.07,https://example.com/article/30,2024-01-01T15:00:00Z
2024-01-01 15:30:00,Twitter,twitter,Oil prices are climbing again. Expect higher gas prices soon.,-0.156,4.34,267.49,4700.25,https://example.com/article/31,2024-01-01T15:30:00Z
2024-01-01 16:00:00,Twitter,twitter,Gold going up means fear is back.,-0.804,5.46,287.84,3519.19,https://example.com/article/32,2024-01-01T16:00:00Z
2024-01-01 16:30:00,Reuters,news,Gold surges as investors seek safe haven assets,-0.187,4.94,310.53,4673.18,https://example.com/article/33,2024-01-01T16:30:00Z
2024-01-01 17:00:00,Bloomberg,news,Consumer confidence hits record high,0.971,4.3,304.88,4091.51,https://example.com/article/34,2024-01-01T17:00:00Z
2024-01-01 17:30:00,Twitter,twitter,Gold going up means fear is back.,0.324,4.96,263.29,3783.01,https://example.com/article/35,2024-01-01T17:30:00Z
2024-01-01 18:00:00,MarketWatch,news,Crypto market sees renewed volatility,-0.878,4.44,253.51,4119.83,https://example.com/article/36,2024-01-01T18:00:00Z
2024-01-01 18:30:00,MarketWatch,news,Federal Reserve signals possible interest rate cut next quarter,-0.84,4.06,291.65,4377.78,https://example.com/article/37,2024-01-01T18:30:00Z
2024-01-01 19:00:00,Bloomberg,news,Consumer confidence hits record high,0.883,5.21,290.52,3551.66,https://example.com/article/38,2024-01-01T19:00:00Z
2024-01-01 19:30:00,MarketWatch,news,Consumer confidence hits record high,0.13,4.45,268.25,4370.64,https://example.com/article/39,2024-01-01T19:30:00Z
2024-01-01 20:00:00,Twitter,twitter,Feeling nervous about this volatility in crypto ðŸ˜¬,-0.469,3.89,295.19,4094.39,https://example.com/article/40,2024-01-01T20:00:00Z
2024-01-01 20:30:00,Financial Times,news,Federal Reserve signals possible interest rate cut next quarter,0.242,5.19,257.0,4198.92,https://example.com/article/41,2024-01-01T20:30:00Z
2024-01-01 21:00:00,Twitter,twitter,Oil prices are climbing again. Expect higher gas prices soon.,0.867,6.14,311.55,3980.39,https://example.com/article/42,2024-01-01T21:00:00Z
2024-01-01 21:30:00,MarketWatch,news,Global supply chain disruptions continue to weigh on markets,0.407,5.34,319.11,4350.17,https://example.com/article/43,2024-01-01T21:30:00Z
2024-01-01 22:00:00,CNBC,news,Central bank warns of inflation risks,0.864,3.81,311.47,3843.81,https://example.com/article/44,2024-01-01T22:00:00Z
2024-01-01 22:30:00,Reuters,news,Central bank warns of inflation risks,-0.455,5.31,300.23,3764.68,https://example.com/article/45,2024-01-01T22:30:00Z
2024-01-01 23:00:00,Twitter,twitter,Gold going up means fear is back.,-0.023,6.22,309.23,3619.99,https://example.com/article/46,2024-01-01T23:00:00Z
2024-01-01 23:30:00,Twitter,twitter,SP500 breakout incoming ðŸ”¥,-0.912,4.5,259.16,4773.74,https://example.com/article/47,2024-01-01T23:30:00Z
2024-01-02 00:00:00,MarketWatch,news,Global supply chain disruptions continue to weigh on markets,0.411,5.18,257.83,4728.57,https://example.com/article/48,2024-01-02T00:00:00Z
2024-01-02 00:30:00,Bloomberg,news,Central bank warns of inflation risks,0.669,5.25,260.37,3665.68,https://example.com/article/49,2024-01-02T00:30:00Z
2024-01-02 01:00:00,Twitter,twitter,"Unemployment down, but inflation is still high...",0.798,5.89,310.25,4668.6,https://example.com/article/50,2024-01-02T01:00:00Z
2024-01-02 01:30:00,Bloomberg,news,Gold surges as investors seek safe haven assets,-0.293,5.18,311.23,4765.99,https://example.com/article/51,2024-01-02T01:30:00Z
2024-01-02 02:00:00,Reuters,news,Gold surges as investors seek safe haven assets,0.952,5.93,311.7,3532.22,https://example.com/article/52,2024-01-02T02:00:00Z
2024-01-02 02:30:00,Twitter,twitter,Housing market finally cooling. Buyers getting relief?,0.604,6.09,306.75,3846.85,https://example.com/article/53,2024-01-02T02:30:00Z
2024-01-02 03:00:00,Bloomberg,news,Consumer confidence hits record high,0.717,4.17,307.16,4098.39,https://example.com/article/54,2024-01-02T03:00:00Z
2024-01-02 03:30:00,Twitter,twitter,Feeling nervous about this volatility in crypto ðŸ˜¬,-0.554,5.48,277.89,3862.18,https://example.com/article/55,2024-01-02T03:30:00Z
2024-01-02 04:00:00,CNBC,news,US housing market shows signs of cooling down,0.283,4.7,318.68,4197.08,https://example.com/article/56,2024-01-02T04:00:00Z
2024-01-02 04:30:00,CNBC,news,Stock markets rally as tech giants post strong earnings,-0.643,6.39,268.58,3640.92,https://example.com/article/57,2024-01-02T04:30:00Z
2024-01-02 05:00:00,Twitter,twitter,"Unemployment down, but inflation is still high...",0.457,4.44,292.43,4164.85,https://example.com/article/58,2024-01-02T05:00:00Z
2024-01-02 05:30:00,Twitter,twitter,CPI numbers tomorrow. Brace yourselves.,-0.62,3.63,280.52,4175.9,https://example.com/article/59,2024-01-02T05:30:00Z
2024-01-02 06:00:00,Financial Times,news,Unemployment rate drops to lowest level in a decade,-0.86,5.49,273.11,3908.09,https://example.com/article/60,2024-01-02T06:00:00Z
2024-01-02 06:30:00,MarketWatch,news,US housing market shows signs of cooling down,-0.381,4.73,278.17,3884.35,https://example.com/article/61,2024-01-02T06:30:00Z
2024-01-02 07:00:00,Financial Times,news,Gold surges as investors seek safe haven assets,0.33,4.64,302.37,3726.24,https://example.com/article/62,2024-01-02T07:00:00Z
2024-01-02 07:30:00,Twitter,twitter,Housing market finally cooling. Buyers getting relief?,0.096,3.5,270.08,4058.85,https://example.com/article/63,2024-01-02T07:30:00Z
2024-01-02 08:00:00,Twitter,twitter,Tech earnings smashing expectations!,-0.116,5.53,285.78,4531.86,https://example.com/article/64,2024-01-02T08:00:00Z
2024-01-02 08:30:00,CNBC,news,Stock markets rally as tech giants post strong earnings,0.031,5.4,273.46,4563.95,https://example.com/article/65,2024-01-02T08:30:00Z
2024-01-02 09:00:00,Reuters,news,US housing market shows signs of cooling down,0.613,3.94,253.23,4779.12,https://example.com/article/66,2024-01-02T09:00:00Z
2024-01-02 09:30:00,Financial Times,news,Global supply chain disruptions continue to weigh on markets,0.772,5.23,300.28,3999.17,https://example.com/article/67,2024-01-02T09:30:00Z
2024-01-02 10:00:00,Twitter,twitter,Feeling nervous about this volatility in crypto ðŸ˜¬,-0.705,5.56,312.49,4618.57,https://example.com/article/68,2024-01-02T10:00:00Z
2024-01-02 10:30:00,Reuters,news,Consumer confidence hits record high,-0.648,6.37,286.26,3565.28,https://example.com/article/69,2024-01-02T10:30:00Z
2024-01-02 11:00:00,Financial Times,news,Stock markets rally as tech giants post strong earnings,-0.733,4.89,287.18,4226.6,https://example.com/article/70,2024-01-02T11:00:00Z
2024-01-02 11:30:00,Twitter,twitter,Tech earnings smashing expectations!,0.225,5.66,285.33,4579.74,https://example.com/article/71,2024-01-02T11:30:00Z
2024-01-02 12:00:00,Twitter,twitter,Oil prices are climbing again. Expect higher gas prices soon.,0.487,4.92,268.14,3821.41,https://example.com/article/72,2024-01-02T12:00:00Z
2024-01-02 12:30:00,Twitter,twitter,Gold going up means fear is back.,-0.031,4.22,280.79,4427.61,https://example.com/article/73,2024-01-02T12:30:00Z
2024-01-02 13:00:00,CNBC,news,US housing market shows signs of cooling down,-0.361,5.12,259.69,3800.64,https://example.com/article/74,2024-01-02T13:00:00Z
2024-01-02 13:30:00,Bloomberg,news,Gold surges as investors seek safe haven assets,-0.17,4.49,282.61,3580.95,https://example.com/article/75,2024-01-02T13:30:00Z
2024-01-02 14:00:00,Twitter,twitter,Housing market finally cooling. Buyers getting relief?,0.81,5.25,298.69,4613.75,https://example.com/article/76,2024-01-02T14:00:00Z
2024-01-02 14:30:00,Twitter,twitter,Tech earnings smashing expectations!,-0.988,4.56,302.74,4609.48,https://example.com/article/77,2024-01-02T14:30:00Z
2024-01-02 15:00:00,Twitter,twitter,Gold going up means fear is back.,0.495,5.14,292.23,3786.7,https://example.com/article/78,2024-01-02T15:00:00Z
2024-01-02 15:30:00,Financial Times,news,US housing market shows signs of cooling down,-0.029,4.67,296.82,4537.59,https://example.com/article/79,2024-01-02T15:30:00Z
2024-01-02 16:00:00,Reuters,news,Global supply chain disruptions continue to weigh on markets,0.961,5.1,313.49,4269.46,https://example.com/article/80,2024-01-02T16:00:00Z
2024-01-02 16:30:00,Financial Times,news,Stock markets rally as tech giants post strong earnings,-0.729,4.89,253.52,3992.84,https://example.com/article/81,2024-01-02T16:30:00Z
2024-01-02 17:00:00,CNBC,news,Global supply chain disruptions continue to weigh on markets,-0.325,6.14,269.48,4736.57,https://example.com/article/82,2024-01-02T17:00:00Z
2024-01-02 17:30:00,Twitter,twitter,SP500 breakout incoming ðŸ”¥,0.67,4.91,302.43,3567.71,https://example.com/article/83,2024-01-02T17:30:00Z
2024-01-02 18:00:00,Twitter,twitter,Feeling nervous about this volatility in crypto ðŸ˜¬,0.3,5.84,295.62,4480.5,https://example.com/article/84,2024-01-02T18:00:00Z
2024-01-02 18:30:00,Bloomberg,news,Gold surges as investors seek safe haven assets,0.243,4.22,283.15,3648.71,https://example.com/article/85,2024-01-02T18:30:00Z
2024-01-02 19:00:00,CNBC,news,Global supply chain disruptions continue to weigh on markets,0.534,4.0,292.51,4472.3,https://example.com/article/86,2024-01-02T19:00:00Z
2024-01-02 19:30:00,CNBC,news,Oil prices rise amid geopolitical tensions in the Middle East,-0.784,3.58,271.84,4380.55,https://example.com/article/87,2024-01-02T19:30:00Z
2024-01-02 20:00:00,Twitter,twitter,Housing market finally cooling. Buyers getting relief?,0.883,4.09,291.45,4579.74,https://example.com/article/88,2024-01-02T20:00:00Z
2024-01-02 20:30:00,CNBC,news,Stock markets rally as tech giants post strong earnings,0.701,5.3,258.47,4779.0,https://example.com/article/89,2024-01-02T20:30:00Z
2024-01-02 21:00:00,MarketWatch,news,Unemployment rate drops to lowest level in a decade,-0.143,4.61,285.42,3943.6,https://example.com/article/90,2024-01-02T21:00:00Z
2024-01-02 21:30:00,Twitter,twitter,Tech earnings smashing expectations!,-0.789,6.38,294.49,4577.32,https://example.com/article/91,2024-01-02T21:30:00Z
2024-01-02 22:00:00,Reuters,news,Consumer confidence hits record high,0.468,6.4,268.91,4550.66,https://example.com/article/92,2024-01-02T22:00:00Z
2024-01-02 22:30:00,Twitter,twitter,Tech earnings smashing expectations!,-0.129,5.69,268.79,4607.23,https://example.com/article/93,2024-01-02T22:30:00Z
2024-01-02 23:00:00,Financial Times,news,US housing market shows signs of cooling down,-0.512,4.89,292.72,3992.69,https://example.com/article/94,2024-01-02T23:00:00Z
2024-01-02 23:30:00,CNBC,news,Global supply chain disruptions continue to weigh on markets,-0.636,4.14,305.85,3942.44,https://example.com/article/95,2024-01-02T23:30:00Z
2024-01-03 00:00:00,Twitter,twitter,Gold going up means fear is back.,-0.98,6.34,255.99,4436.1,https://example.com/article/96,2024-01-03T00:00:00Z
2024-01-03 00:30:00,Twitter,twitter,Gold going up means fear is back.,0.516,5.57,295.21,4138.07,https://example.com/article/97,2024-01-03T00:30:00Z
2024-01-03 01:00:00,CNBC,news,Stock markets rally as tech giants post strong earnings,-0.557,5.58,271.43,4256.02,https://example.com/article/98,2024-01-03T01:00:00Z
2024-01-03 01:30:00,Twitter,twitter,Gold going up means fear is back.,0.062,4.78,302.22,3930.03,https://example.com/article/99,2024-01-03T01:30:00Z
2024-01-03 02:00:00,Twitter,twitter,SP500 breakout incoming ðŸ”¥,-0.387,4.19,300.49,3910.21,https://example.com/article/100,2024-01-03T02:00:00Z
2024-01-03 02:30:00,Reuters,news,Gold surges as investors seek safe haven assets,0.477,4.33,291.27,4488.27,https://example.com/article/101,2024-01-03T02:30:00Z
2024-01-03 03:00:00,Twitter,twitter,Not sure if the Fed cutting rates is good long term ðŸ¤”,0.665,4.39,275.26,3892.95,https://example.com/article/102,2024-01-03T03:00:00Z
2024-01-03 03:30:00,Bloomberg,news,US housing market shows signs of cooling down,0.949,5.16,298.82,3664.16,https://example.com/article/103,2024-01-03T03:30:00Z
2024-01-03 04:00:00,Twitter,twitter,Not sure if the Fed cutting rates is good long term ðŸ¤”,0.745,5.22,282.86,4072.61,https://example.com/article/104,2024-01-03T04:00:00Z
2024-01-03 04:30:00,CNBC,news,Federal Reserve signals possible interest rate cut next quarter,0.882,4.93,307.55,4020.92,https://example.com/article/105,2024-01-03T04:30:00Z
2024-01-03 05:00:00,Bloomberg,news,Crypto market sees renewed volatility,-0.697,5.93,316.44,3610.74,https://example.com/article/106,2024-01-03T05:00:00Z
2024-01-03 05:30:00,MarketWatch,news,Stock markets rally as tech giants post strong earnings,0.529,5.32,305.35,3793.39,https://example.com/article/107,2024-01-03T05:30:00Z
2024-01-03 06:00:00,Twitter,twitter,Tech earnings smashing expectations!,0.817,4.39,291.2,4057.48,https://example.com/article/108,2024-01-03T06:00:00Z
2024-01-03 06:30:00,Bloomberg,news,Crypto market sees renewed volatility,0.895,4.12,264.77,4358.56,https://example.com/article/109,2024-01-03T06:30:00Z
2024-01-03 07:00:00,Reuters,news,Gold surges as investors seek safe haven assets,0.104,3.97,278.6,4396.18,https://example.com/article/110,2024-01-03T07:00:00Z
2024-01-03 07:30:00,Twitter,twitter,SP500 breakout incoming ðŸ”¥,-0.935,4.36,269.79,4617.49,https://example.com/article/111,2024-01-03T07:30:00Z
2024-01-03 08:00:00,CNBC,news,Gold surges as investors seek safe haven assets,0.576,5.38,296.28,4713.77,https://example.com/article/112,2024-01-03T08:00:00Z
2024-01-03 08:30:00,Twitter,twitter,Not sure if the Fed cutting rates is good long term ðŸ¤”,0.089,5.44,313.59,4574.62,https://example.com/article/113,2024-01-03T08:30:00Z
2024-01-03 09:00:00,Reuters,news,Federal Reserve signals possible interest rate cut next quarter,0.585,5.29,307.7,4697.55,https://example.com/article/114,2024-01-03T09:00:00Z
2024-01-03 09:30:00,Twitter,twitter,Not sure if the Fed cutting rates is good long term ðŸ¤”,-0.063,4.41,278.18,3853.92,https://example.com/article/115,2024-01-03T09:30:00Z
2024-01-03 10:00:00,Twitter,twitter,Tech earnings smashing expectations!,-0.839,3.62,280.24,3919.02,https://example.com/article/116,2024-01-03T10:00:00Z
2024-01-03 10:30:00,Twitter,twitter,Markets looking bullish today ðŸš€ #stocks,-0.817,6.39,308.52,4247.76,https://example.com/article/117,2024-01-03T10:30:00Z
2024-01-03 11:00:00,MarketWatch,news,US housing market shows signs of cooling down,-0.92,5.77,282.94,4346.96,https://example.com/article/118,2024-01-03T11:00:00Z
2024-01-03 11:30:00,Twitter,twitter,Oil prices are climbing again. Expect higher gas prices soon.,0.994,4.81,307.0,4759.77,https://example.com/article/119,2024-01-03T11:30:00Z
2024-01-03 12:00:00,Twitter,twitter,"Unemployment down, but inflation is still high...",-0.183,4.46,257.32,3709.07,https://example.com/article/120,2024-01-03T12:00:00Z
2024-01-03 12:30:00,Twitter,twitter,Tech earnings smashing expectations!,-0.424,6.34,306.95,4215.13,https://example.com/article/121,2024-01-03T12:30:00Z
2024-01-03 13:00:00,Twitter,twitter,Not sure if the Fed cutting rates is good long term ðŸ¤”,-0.371,4.47,317.91,4025.43,https://example.com/article/122,2024-01-03T13:00:00Z
2024-01-03 13:30:00,Financial Times,news,Central bank warns of inflation risks,-0.174,4.06,275.32,4483.38,https://example.com/article/123,2024-01-03T13:30:00Z
2024-01-03 14:00:00,Twitter,twitter,Markets looking bullish today ðŸš€ #stocks,-0.593,5.15,314.94,4069.55,https://example.com/article/124,2024-01-03T14:00:00Z
2024-01-03 14:30:00,Twitter,twitter,Not sure if the Fed cutting rates is good long term ðŸ¤”,-0.942,5.39,305.95,4422.72,https://example.com/article/125,2024-01-03T14:30:00Z
2024-01-03 15:00:00,Twitter,twitter,Gold going up means fear is back.,-0.973,4.72,265.73,4593.83,https://example.com/article/126,2024-01-03T15:00:00Z
2024-01-03 15:30:00,Bloomberg,news,Global supply chain disruptions continue to weigh on markets,0.295,3.96,315.29,3879.42,https://example.com/article/127,2024-01-03T15:30:00Z
2024-01-03 16:00:00,Twitter,twitter,Housing market finally cooling. Buyers getting relief?,0.669,6.44,267.06,4216.64,https://example.com/article/128,2024-01-03T16:00:00Z
2024-01-03 16:30:00,Twitter,twitter,Feeling nervous about this volatility in crypto ðŸ˜¬,0.844,5.02,311.55,4623.24,https://example.com/article/129,2024-01-03T16:30:00Z
2024-01-03 17:00:00,Twitter,twitter,Housing market finally cooling. Buyers getting relief?,-0.32,5.86,268.7,3503.33,https://example.com/article/130,2024-01-03T17:00:00Z
2024-01-03 17:30:00,Twitter,twitter,CPI numbers tomorrow. Brace yourselves.,0.16,5.48,310.57,4080.51,https://example.com/article/131,2024-01-03T17:30:00Z
2024-01-03 18:00:00,Twitter,twitter,"Unemployment down, but inflation is still high...",-0.335,5.79,276.4,4712.71,https://example.com/article/132,2024-01-03T18:00:00Z
2024-01-03 18:30:00,MarketWatch,news,Gold surges as investors seek safe haven assets,-0.234,6.07,278.75,3913.63,https://example.com/article/133,2024-01-03T18:30:00Z
2024-01-03 19:00:00,Twitter,twitter,Housing market finally cooling. Buyers getting relief?,-0.228,5.49,307.45,4775.06,https://example.com/article/134,2024-01-03T19:00:00Z
2024-01-03 19:30:00,Twitter,twitter,Markets looking bullish today ðŸš€ #stocks,-0.748,6.4,273.24,3630.47,https://example.com/article/135,2024-01-03T19:30:00Z
2024-01-03 20:00:00,Twitter,twitter,Not sure if the Fed cutting rates is good long term ðŸ¤”,0.052,4.87,300.57,4032.97,https://example.com/article/136,2024-01-03T20:00:00Z
2024-01-03 20:30:00,Financial Times,news,Stock markets rally as tech giants post strong earnings,0.563,4.3,293.63,4016.73,https://example.com/article/137,2024-01-03T20:30:00Z
2024-01-03 21:00:00,MarketWatch,news,Unemployment rate drops to lowest level in a decade,-0.24,4.45,300.31,4487.22,https://example.com/article/138,2024-01-03T21:00:00Z
2024-01-03 21:30:00,Bloomberg,news,Crypto market sees renewed volatility,-0.53,5.55,270.12,3795.73,https://example.com/article/139,2024-01-03T21:30:00Z
2024-01-03 22:00:00,Bloomberg,news,Consumer confidence hits record high,0.521,5.61,257.04,3716.27,https://example.com/article/140,2024-01-03T22:00:00Z
2024-01-03 22:30:00,Twitter,twitter,Markets looking bullish today ðŸš€ #stocks,-0.908,5.89,270.54,3987.29,https://example.com/article/141,2024-01-03T22:30:00Z
2024-01-03 23:00:00,MarketWatch,news,Gold surges as investors seek safe haven assets,-0.176,5.55,262.6,3727.59,https://example.com/article/142,2024-01-03T23:00:00Z
2024-01-03 23:30:00,Twitter,twitter,CPI numbers tomorrow. Brace yourselves.,0.366,4.99,290.82,3801.84,https://example.com/article/143,2024-01-03T23:30:00Z
2024-01-04 00:00:00,Twitter,twitter,Tech earnings smashing expectations!,-0.489,3.53,306.32,4671.57,https://example.com/article/144,2024-01-04T00:00:00Z
2024-01-04 00:30:00,Financial Times,news,Stock markets rally as tech giants post strong earnings,0.89,6.46,270.94,4750.64,https://example.com/article/145,2024-01-04T00:30:00Z
2024-01-04 01:00:00,Twitter,twitter,Tech earnings smashing expectations!,0.691,4.1,276.93,4128.17,https://example.com/article/146,2024-01-04T01:00:00Z
2024-01-04 01:30:00,MarketWatch,news,Consumer confidence hits record high,-0.282,4.39,298.95,3528.52,https://example.com/article/147,2024-01-04T01:30:00Z
2024-01-04 02:00:00,Twitter,twitter,SP500 breakout incoming ðŸ”¥,-0.984,6.1,304.48,4765.68,https://example.com/article/148,2024-01-04T02:00:00Z
2024-01-04 02:30:00,Twitter,twitter,SP500 breakout incoming ðŸ”¥,0.551,4.19,306.14,3784.71,https://example.com/article/149,2024-01-04T02:30:00Z
2024-01-04 03:00:00,CNBC,news,Crypto market sees renewed volatility,0.356,5.66,296.14,4589.84,https://example.com/article/150,2024-01-04T03:00:00Z
2024-01-04 03:30:00,CNBC,news,Federal Reserve signals possible interest rate cut next quarter,0.577,3.6,275.54,3670.84,https://example.com/article/151,2024-01-04T03:30:00Z
2024-01-04 04:00:00,Twitter,twitter,"Unemployment down, but inflation is still high...",0.495,4.03,259.25,4201.23,https://example.com/article/152,2024-01-04T04:00:00Z
2024-01-04 04:30:00,Twitter,twitter,Gold going up means fear is back.,0.004,4.32,261.52,4688.26,https://example.com/article/153,2024-01-04T04:30:00Z
2024-01-04 05:00:00,Twitter,twitter,SP500 breakout incoming ðŸ”¥,0.493,4.52,258.06,4751.76,https://example.com/article/154,2024-01-04T05:00:00Z
2024-01-04 05:30:00,Financial Times,news,Gold surges as investors seek safe haven assets,0.935,5.91,275.6,4527.89,https://example.com/article/155,2024-01-04T05:30:00Z
2024-01-04 06:00:00,MarketWatch,news,US housing market shows signs of cooling down,-0.753,4.61,302.43,3840.81,https://example.com/article/156,2024-01-04T06:00:00Z
2024-01-04 06:30:00,Twitter,twitter,"Unemployment down, but inflation is still high...",-0.783,4.2,251.75,4649.51,https://example.com/article/157,2024-01-04T06:30:00Z
2024-01-04 07:00:00,Twitter,twitter,CPI numbers tomorrow. Brace yourselves.,-0.557,3.69,307.67,4682.2,https://example.com/article/158,2024-01-04T07:00:00Z
2024-01-04 07:30:00,Twitter,twitter,Housing market finally cooling. Buyers getting relief?,-0.767,3.64,252.6,4794.71,https://example.com/article/159,2024-01-04T07:30:00Z
2024-01-04 08:00:00,Reuters,news,Stock markets rally as tech giants post strong earnings,0.775,3.91,281.76,4371.63,https://example.com/article/160,2024-01-04T08:00:00Z
2024-01-04 08:30:00,Twitter,twitter,CPI numbers tomorrow. Brace yourselves.,0.485,3.96,279.04,3628.73,https://example.com/article/161,2024-01-04T08:30:00Z
2024-01-04 09:00:00,Twitter,twitter,CPI numbers tomorrow. Brace yourselves.,-0.184,6.35,252.29,3981.69,https://example.com/article/162,2024-01-04T09:00:00Z
2024-01-04 09:30:00,Twitter,twitter,Tech earnings smashing expectations!,0.901,6.07,256.95,4391.38,https://example.com/article/163,2024-01-04T09:30:00Z
2024-01-04 10:00:00,Twitter,twitter,Markets looking bullish today ðŸš€ #stocks,-0.204,4.07,258.55,4602.44,https://example.com/article/164,2024-01-04T10:00:00Z
2024-01-04 10:30:00,Twitter,twitter,Not sure if the Fed cutting rates is good long term ðŸ¤”,0.326,5.43,291.8,3527.76,https://example.com/article/165,2024-01-04T10:30:00Z
2024-01-04 11:00:00,Twitter,twitter,Feeling nervous about this volatility in crypto ðŸ˜¬,0.978,5.86,264.36,4578.76,https://example.com/article/166,2024-01-04T11:00:00Z
2024-01-04 11:30:00,Reuters,news,Crypto market sees renewed volatility,0.626,4.2,304.21,4525.24,https://example.com/article/167,2024-01-04T11:30:00Z
2024-01-04 12:00:00,Reuters,news,US housing market shows signs of cooling down,0.975,5.12,305.9,3642.9,https://example.com/article/168,2024-01-04T12:00:00Z
2024-01-04 12:30:00,Bloomberg,news,Oil prices rise amid geopolitical tensions in the Middle East,-0.284,5.87,291.22,3520.52,https://example.com/article/169,2024-01-04T12:30:00Z
2024-01-04 13:00:00,Twitter,twitter,Markets looking bullish today ðŸš€ #stocks,-0.746,4.76,257.96,3582.63,https://example.com/article/170,2024-01-04T13:00:00Z
2024-01-04 13:30:00,Twitter,twitter,"Unemployment down, but inflation is still high...",0.026,3.83,285.27,4729.04,https://example.com/article/171,2024-01-04T13:30:00Z
2024-01-04 14:00:00,CNBC,news,Central bank warns of inflation risks,-0.084,6.39,254.26,4122.68,https://example.com/article/172,2024-01-04T14:00:00Z
2024-01-04 14:30:00,Twitter,twitter,Housing market finally cooling. Buyers getting relief?,0.372,4.97,313.68,3595.54,https://example.com/article/173,2024-01-04T14:30:00Z
2024-01-04 15:00:00,MarketWatch,news,Unemployment rate drops to lowest level in a decade,-0.703,3.88,293.7,4260.97,https://example.com/article/174,2024-01-04T15:00:00Z
2024-01-04 15:30:00,Twitter,twitter,Housing market finally cooling. Buyers getting relief?,0.989,5.09,281.76,4287.05,https://example.com/article/175,2024-01-04T15:30:00Z
2024-01-04 16:00:00,MarketWatch,news,Stock markets rally as tech giants post strong earnings,0.442,4.15,281.61,3797.04,https://example.com/article/176,2024-01-04T16:00:00Z
2024-01-04 16:30:00,Twitter,twitter,Tech earnings smashing expectations!,-0.203,5.69,271.88,3906.28,https://example.com/article/177,2024-01-04T16:30:00Z
2024-01-04 17:00:00,Twitter,twitter,"Unemployment down, but inflation is still high...",0.907,5.56,283.2,3618.59,https://example.com/article/178,2024-01-04T17:00:00Z
2024-01-04 17:30:00,Financial Times,news,Stock markets rally as tech giants post strong earnings,-0.807,5.72,306.82,4223.28,https://example.com/article/179,2024-01-04T17:30:00Z
2024-01-04 18:00:00,Twitter,twitter,Not sure if the Fed cutting rates is good long term ðŸ¤”,-0.178,6.12,315.88,4049.82,https://example.com/article/180,2024-01-04T18:00:00Z
2024-01-04 18:30:00,MarketWatch,news,US housing market shows signs of cooling down,-0.375,3.81,285.52,3701.15,https://example.com/article/181,2024-01-04T18:30:00Z
2024-01-04 19:00:00,Twitter,twitter,Feeling nervous about this volatility in crypto ðŸ˜¬,0.695,4.55,288.94,3649.35,https://example.com/article/182,2024-01-04T19:00:00Z
2024-01-04 19:30:00,Twitter,twitter,CPI numbers tomorrow. Brace yourselves.,-0.548,4.79,289.27,4497.66,https://example.com/article/183,2024-01-04T19:30:00Z
2024-01-04 20:00:00,CNBC,news,Crypto market sees renewed volatility,-0.942,4.32,303.37,4698.0,https://example.com/article/184,2024-01-04T20:00:00Z
2024-01-04 20:30:00,Twitter,twitter,Markets looking bullish today ðŸš€ #stocks,-0.637,3.93,296.01,3590.46,https://example.com/article/185,2024-01-04T20:30:00Z
2024-01-04 21:00:00,MarketWatch,news,Stock markets rally as tech giants post strong earnings,-0.57,4.76,273.86,3981.07,https://example.com/article/186,2024-01-04T21:00:00Z
2024-01-04 21:30:00,Twitter,twitter,CPI numbers tomorrow. Brace yourselves.,0.192,6.15,260.89,4480.77,https://example.com/article/187,2024-01-04T21:30:00Z
2024-01-04 22:00:00,CNBC,news,Stock markets rally as tech giants post strong earnings,-0.114,4.77,292.5,4038.44,https://example.com/article/188,2024-01-04T22:00:00Z
2024-01-04 22:30:00,Bloomberg,news,Central bank warns of inflation risks,-0.31,3.83,297.48,4271.07,https://example.com/article/189,2024-01-04T22:30:00Z
2024-01-04 23:00:00,Twitter,twitter,Markets looking bullish today ðŸš€ #stocks,-0.559,6.45,253.83,3765.75,https://example.com/article/190,2024-01-04T23:00:00Z
2024-01-04 23:30:00,CNBC,news,Oil prices rise amid geopolitical tensions in the Middle East,-0.421,3.86,284.82,4059.85,https://example.com/article/191,2024-01-04T23:30:00Z
2024-01-05 00:00:00,MarketWatch,news,Consumer confidence hits record high,0.407,5.0,308.33,4548.06,https://example.com/article/192,2024-01-05T00:00:00Z
2024-01-05 00:30:00,Bloomberg,news,Consumer confidence hits record high,-0.128,4.88,255.45,3906.98,https://example.com/article/193,2024-01-05T00:30:00Z
2024-01-05 01:00:00,Twitter,twitter,CPI numbers tomorrow. Brace yourselves.,-0.191,5.42,270.27,4026.54,https://example.com/article/194,2024-01-05T01:00:00Z
2024-01-05 01:30:00,Twitter,twitter,Oil prices are climbing again. Expect higher gas prices soon.,0.603,5.35,308.24,4695.7,https://example.com/article/195,2024-01-05T01:30:00Z
2024-01-05 02:00:00,Bloomberg,news,Consumer confidence hits record high,-0.513,5.27,286.68,4014.5,https://example.com/article/196,2024-01-05T02:00:00Z
2024-01-05 02:30:00,Twitter,twitter,"Unemployment down, but inflation is still high...",-0.557,5.84,255.35,4323.19,https://example.com/article/197,2024-01-05T02:30:00Z
2024-01-05 03:00:00,CNBC,news,Unemployment rate drops to lowest level in a decade,0.455,5.96,307.05,3807.15,https://example.com/article/198,2024-01-05T03:00:00Z
2024-01-05 03:30:00,Reuters,news,US housing market shows signs of cooling down,-0.653,3.96,303.14,3597.96,https://example.com/article/199,2024-01-05T03:30:00Z
2024-01-05 04:00:00,Twitter,twitter,Tech earnings smashing expectations!,0.509,5.78,281.42,4701.4,https://example.com/article/200,2024-01-05T04:00:00Z
2024-01-05 04:30:00,Twitter,twitter,"Unemployment down, but inflation is still high...",-0.698,3.7,280.95,3893.67,https://example.com/article/201,2024-01-05T04:30:00Z
2024-01-05 05:00:00,Twitter,twitter,CPI numbers tomorrow. Brace yourselves.,-0.888,5.02,271.73,4087.49,https://example.com/article/202,2024-01-05T05:00:00Z
2024-01-05 05:30:00,CNBC,news,Unemployment rate drops to lowest level in a decade,-0.847,6.09,309.87,4299.51,https://example.com/article/203,2024-01-05T05:30:00Z
2024-01-05 06:00:00,Twitter,twitter,Tech earnings smashing expectations!,0.161,6.36,301.72,3553.33,https://example.com/article/204,2024-01-05T06:00:00Z
2024-01-05 06:30:00,MarketWatch,news,Unemployment rate drops to lowest level in a decade,-0.049,3.95,254.33,3634.55,https://example.com/article/205,2024-01-05T06:30:00Z
2024-01-05 07:00:00,Twitter,twitter,Not sure if the Fed cutting rates is good long term ðŸ¤”,0.009,4.02,267.34,4069.09,https://example.com/article/206,2024-01-05T07:00:00Z
2024-01-05 07:30:00,Twitter,twitter,Gold going up means fear is back.,0.045,3.98,276.1,3867.76,https://example.com/article/207,2024-01-05T07:30:00Z
2024-01-05 08:00:00,Twitter,twitter,"Unemployment down, but inflation is still high...",0.358,3.66,294.16,3935.04,https://example.com/article/208,2024-01-05T08:00:00Z
2024-01-05 08:30:00,Twitter,twitter,Not sure if the Fed cutting rates is good long term ðŸ¤”,0.116,4.66,267.64,4607.04,https://example.com/article/209,2024-01-05T08:30:00Z
2024-01-05 09:00:00,Bloomberg,news,Unemployment rate drops to lowest level in a decade,0.165,3.92,274.49,4758.01,https://example.com/article/210,2024-01-05T09:00:00Z
2024-01-05 09:30:00,Twitter,twitter,Oil prices are climbing again. Expect higher gas prices soon.,0.19,6.31,271.67,3989.68,https://example.com/article/211,2024-01-05T09:30:00Z
2024-01-05 10:00:00,Twitter,twitter,Oil prices are climbing again. Expect higher gas prices soon.,0.34,5.99,301.71,4391.04,https://example.com/article/212,2024-01-05T10:00:00Z
2024-01-05 10:30:00,MarketWatch,news,Consumer confidence hits record high,-0.276,4.59,262.62,3778.45,https://example.com/article/213,2024-01-05T10:30:00Z
2024-01-05 11:00:00,Twitter,twitter,Feeling nervous about this volatility in crypto ðŸ˜¬,-0.547,3.91,255.4,4597.76,https://example.com/article/214,2024-01-05T11:00:00Z
2024-01-05 11:30:00,MarketWatch,news,Central bank warns of inflation risks,0.67,6.15,252.64,3937.79,https://example.com/article/215,2024-01-05T11:30:00Z
2024-01-05 12:00:00,Financial Times,news,Crypto market sees renewed volatility,-0.691,4.04,298.5,4312.16,https://example.com/article/216,2024-01-05T12:00:00Z
2024-01-05 12:30:00,Bloomberg,news,Global supply chain disruptions continue to weigh on markets,-0.178,5.53,266.63,4077.46,https://example.com/article/217,2024-01-05T12:30:00Z
2024-01-05 13:00:00,Twitter,twitter,Tech earnings smashing expectations!,-0.532,4.22,317.59,4519.68,https://example.com/article/218,2024-01-05T13:00:00Z
2024-01-05 13:30:00,MarketWatch,news,Unemployment rate drops to lowest level in a decade,0.969,4.89,269.72,3996.43,https://example.com/article/219,2024-01-05T13:30:00Z
2024-01-05 14:00:00,Twitter,twitter,Oil prices are climbing again. Expect higher gas prices soon.,0.634,5.9,259.69,3825.0,https://example.com/article/220,2024-01-05T14:00:00Z
2024-01-05 14:30:00,Twitter,twitter,"Unemployment down, but inflation is still high...",0.109,3.81,309.21,4606.52,https://example.com/article/221,2024-01-05T14:30:00Z
2024-01-05 15:00:00,Twitter,twitter,Not sure if the Fed cutting rates is good long term ðŸ¤”,0.526,4.32,313.37,3691.55,https://example.com/article/222,2024-01-05T15:00:00Z
2024-01-05 15:30:00,Twitter,twitter,Not sure if the Fed cutting rates is good long term ðŸ¤”,0.893,4.17,281.58,3954.46,https://example.com/article/223,2024-01-05T15:30:00Z
2024-01-05 16:00:00,Bloomberg,news,Consumer confidence hits record high,-0.207,4.62,277.03,3606.09,https://example.com/article/224,2024-01-05T16:00:00Z
2024-01-05 16:30:00,CNBC,news,Federal Reserve signals possible interest rate cut next quarter,0.862,6.02,295.5,4528.79,https://example.com/article/225,2024-01-05T16:30:00Z
2024-01-05 17:00:00,CNBC,news,Federal Reserve signals possible interest rate cut next quarter,0.835,4.92,308.18,4486.49,https://example.com/article/226,2024-01-05T17:00:00Z
2024-01-05 17:30:00,Twitter,twitter,Tech earnings smashing expectations!,0.231,6.22,251.33,3780.35,https://example.com/article/227,2024-01-05T17:30:00Z
2024-01-05 18:00:00,MarketWatch,news,Central bank warns of inflation risks,0.056,3.83,270.17,3891.5,https://example.com/article/228,2024-01-05T18:00:00Z
2024-01-05 18:30:00,Financial Times,news,Gold surges as investors seek safe haven assets,0.278,5.37,254.4,4587.69,https://example.com/article/229,2024-01-05T18:30:00Z
2024-01-05 19:00:00,Twitter,twitter,CPI numbers tomorrow. Brace yourselves.,0.072,5.4,290.25,4434.11,https://example.com/article/230,2024-01-05T19:00:00Z
2024-01-05 19:30:00,Twitter,twitter,Housing market finally cooling. Buyers getting relief?,-0.997,4.56,289.95,3743.51,https://example.com/article/231,2024-01-05T19:30:00Z
2024-01-05 20:00:00,CNBC,news,Central bank warns of inflation risks,-0.865,5.08,285.51,4784.83,https://example.com/article/232,2024-01-05T20:00:00Z
2024-01-05 20:30:00,Financial Times,news,Consumer confidence hits record high,-0.913,4.66,276.13,4471.51,https://example.com/article/233,2024-01-05T20:30:00Z
2024-01-05 21:00:00,Twitter,twitter,Not sure if the Fed cutting rates is good long term ðŸ¤”,-0.31,5.7,293.98,4502.95,https://example.com/article/234,2024-01-05T21:00:00Z
2024-01-05 21:30:00,Twitter,twitter,Oil prices are climbing again. Expect higher gas prices soon.,-0.911,5.14,306.95,3727.62,https://example.com/article/235,2024-01-05T21:30:00Z
2024-01-05 22:00:00,Twitter,twitter,Tech earnings smashing expectations!,0.263,5.93,254.42,4509.05,https://example.com/article/236,2024-01-05T22:00:00Z
2024-01-05 22:30:00,Twitter,twitter,Markets looking bullish today ðŸš€ #stocks,-0.413,3.63,263.96,3554.48,https://example.com/article/237,2024-01-05T22:30:00Z
2024-01-05 23:00:00,Twitter,twitter,Gold going up means fear is back.,-0.204,5.95,283.14,3547.61,https://example.com/article/238,2024-01-05T23:00:00Z
2024-01-05 23:30:00,CNBC,news,US housing market shows signs of cooling down,0.724,3.64,295.9,3855.18,https://example.com/article/239,2024-01-05T23:30:00Z
2024-01-06 00:00:00,Twitter,twitter,Housing market finally cooling. Buyers getting relief?,0.779,5.73,312.62,4002.64,https://example.com/article/240,2024-01-06T00:00:00Z
2024-01-06 00:30:00,Financial Times,news,Global supply chain disruptions continue to weigh on markets,-0.265,5.89,268.67,3607.39,https://example.com/article/241,2024-01-06T00:30:00Z
2024-01-06 01:00:00,Twitter,twitter,Not sure if the Fed cutting rates is good long term ðŸ¤”,-0.139,6.49,262.63,3881.9,https://example.com/article/242,2024-01-06T01:00:00Z
2024-01-06 01:30:00,CNBC,news,Stock markets rally as tech giants post strong earnings,0.322,4.42,292.18,4053.95,https://example.com/article/243,2024-01-06T01:30:00Z
2024-01-06 02:00:00,Twitter,twitter,"Unemployment down, but inflation is still high...",-0.106,5.68,313.81,4299.31,https://example.com/article/244,2024-01-06T02:00:00Z
2024-01-06 02:30:00,Twitter,twitter,SP500 breakout incoming ðŸ”¥,0.279,5.87,254.02,4372.54,https://example.com/article/245,2024-01-06T02:30:00Z
2024-01-06 03:00:00,Twitter,twitter,"Unemployment down, but inflation is still high...",0.026,5.75,261.2,3540.48,https://example.com/article/246,2024-01-06T03:00:00Z
2024-01-06 03:30:00,Twitter,twitter,Markets looking bullish today ðŸš€ #stocks,-0.748,4.21,295.16,3970.8,https://example.com/article/247,2024-01-06T03:30:00Z
2024-01-06 04:00:00,Reuters,news,Crypto market sees renewed volatility,0.358,6.35,276.04,4492.01,https://example.com/article/248,2024-01-06T04:00:00Z
2024-01-06 04:30:00,CNBC,news,Central bank warns of inflation risks,-0.204,5.45,267.47,3647.48,https://example.com/article/249,2024-01-06T04:30:00Z
2024-01-06 05:00:00,MarketWatch,news,Global supply chain disruptions continue to weigh on markets,-0.226,5.19,268.32,3838.38,https://example.com/article/250,2024-01-06T05:00:00Z
2024-01-06 05:30:00,Twitter,twitter,Feeling nervous about this volatility in crypto ðŸ˜¬,0.993,4.36,314.15,4138.56,https://example.com/article/251,2024-01-06T05:30:00Z
2024-01-06 06:00:00,Bloomberg,news,Oil prices rise amid geopolitical tensions in the Middle East,-0.096,6.2,281.16,3614.13,https://example.com/article/252,2024-01-06T06:00:00Z
2024-01-06 06:30:00,Twitter,twitter,"Unemployment down, but inflation is still high...",0.419,5.15,270.33,3889.94,https://example.com/article/253,2024-01-06T06:30:00Z
2024-01-06 07:00:00,CNBC,news,Oil prices rise amid geopolitical tensions in the Middle East,0.018,3.86,264.07,3680.54,https://example.com/article/254,2024-01-06T07:00:00Z
2024-01-06 07:30:00,Twitter,twitter,Markets looking bullish today ðŸš€ #stocks,-0.278,5.22,282.72,4777.92,https://example.com/article/255,2024-01-06T07:30:00Z
2024-01-06 08:00:00,Bloomberg,news,Crypto market sees renewed volatility,-0.869,4.69,300.19,4122.26,https://example.com/article/256,2024-01-06T08:00:00Z
2024-01-06 08:30:00,Twitter,twitter,Housing market finally cooling. Buyers getting relief?,0.647,3.72,318.07,4335.04,https://example.com/article/257,2024-01-06T08:30:00Z
2024-01-06 09:00:00,Twitter,twitter,Tech earnings smashing expectations!,0.36,4.53,311.46,4514.34,https://example.com/article/258,2024-01-06T09:00:00Z
2024-01-06 09:30:00,Financial Times,news,Oil prices rise amid geopolitical tensions in the Middle East,0.006,6.1,308.2,4173.53,https://example.com/article/259,2024-01-06T09:30:00Z
2024-01-06 10:00:00,Twitter,twitter,Oil prices are climbing again. Expect higher gas prices soon.,-0.676,6.3,265.78,4731.73,https://example.com/article/260,2024-01-06T10:00:00Z
2024-01-06 10:30:00,Twitter,twitter,Not sure if the Fed cutting rates is good long term ðŸ¤”,-0.499,5.41,288.56,3662.72,https://example.com/article/261,2024-01-06T10:30:00Z
2024-01-06 11:00:00,Twitter,twitter,CPI numbers tomorrow. Brace yourselves.,0.067,5.01,261.8,4724.09,https://example.com/article/262,2024-01-06T11:00:00Z
2024-01-06 11:30:00,MarketWatch,news,Oil prices rise amid geopolitical tensions in the Middle East,0.441,5.32,308.98,4232.7,https://example.com/article/263,2024-01-06T11:30:00Z
2024-01-06 12:00:00,Bloomberg,news,Stock markets rally as tech giants post strong earnings,0.897,5.81,268.53,3774.05,https://example.com/article/264,2024-01-06T12:00:00Z
2024-01-06 12:30:00,Twitter,twitter,CPI numbers tomorrow. Brace yourselves.,0.278,4.99,293.9,3876.57,https://example.com/article/265,2024-01-06T12:30:00Z
2024-01-06 13:00:00,Twitter,twitter,Tech earnings smashing expectations!,-0.51,5.92,278.43,4089.61,https://example.com/article/266,2024-01-06T13:00:00Z
2024-01-06 13:30:00,Financial Times,news,Oil prices rise amid geopolitical tensions in the Middle East,-0.169,4.89,273.81,3686.77,https://example.com/article/267,2024-01-06T13:30:00Z
2024-01-06 14:00:00,Twitter,twitter,"Unemployment down, but inflation is still high...",0.951,3.89,275.94,4230.15,https://example.com/article/268,2024-01-06T14:00:00Z
2024-01-06 14:30:00,Twitter,twitter,Feeling nervous about this volatility in crypto ðŸ˜¬,-0.067,4.3,267.35,3625.86,https://example.com/article/269,2024-01-06T14:30:00Z
2024-01-06 15:00:00,Twitter,twitter,Housing market finally cooling. Buyers getting relief?,0.728,4.75,317.39,4673.0,https://example.com/article/270,2024-01-06T15:00:00Z
2024-01-06 15:30:00,Twitter,twitter,CPI numbers tomorrow. Brace yourselves.,0.442,4.07,261.15,4794.76,https://example.com/article/271,2024-01-06T15:30:00Z
2024-01-06 16:00:00,Twitter,twitter,Tech earnings smashing expectations!,0.758,4.99,256.3,4011.21,https://example.com/article/272,2024-01-06T16:00:00Z
2024-01-06 16:30:00,Twitter,twitter,Feeling nervous about this volatility in crypto ðŸ˜¬,-0.57,4.56,253.54,4143.36,https://example.com/article/273,2024-01-06T16:30:00Z
2024-01-06 17:00:00,Twitter,twitter,SP500 breakout incoming ðŸ”¥,0.073,6.04,280.16,4647.19,https://example.com/article/274,2024-01-06T17:00:00Z
2024-01-06 17:30:00,Twitter,twitter,Housing market finally cooling. Buyers getting relief?,-0.268,4.7,289.92,3753.05,https://example.com/article/275,2024-01-06T17:30:00Z
2024-01-06 18:00:00,Twitter,twitter,Not sure if the Fed cutting rates is good long term ðŸ¤”,-0.227,4.85,288.49,4572.9,https://example.com/article/276,2024-01-06T18:00:00Z
2024-01-06 18:30:00,Bloomberg,news,Oil prices rise amid geopolitical tensions in the Middle East,-0.212,5.88,273.74,4720.63,https://example.com/article/277,2024-01-06T18:30:00Z
2024-01-06 19:00:00,MarketWatch,news,Gold surges as investors seek safe haven assets,0.018,5.0,253.17,3678.15,https://example.com/article/278,2024-01-06T19:00:00Z
2024-01-06 19:30:00,Twitter,twitter,Tech earnings smashing expectations!,0.039,3.95,312.52,3681.72,https://example.com/article/279,2024-01-06T19:30:00Z
2024-01-06 20:00:00,Twitter,twitter,Oil prices are climbing again. Expect higher gas prices soon.,-0.214,5.35,308.98,4271.84,https://example.com/article/280,2024-01-06T20:00:00Z
2024-01-06 20:30:00,Twitter,twitter,CPI numbers tomorrow. Brace yourselves.,-0.4,5.95,275.79,4375.95,https://example.com/article/281,2024-01-06T20:30:00Z
2024-01-06 21:00:00,Twitter,twitter,CPI numbers tomorrow. Brace yourselves.,-0.385,6.2,311.05,4318.04,https://example.com/article/282,2024-01-06T21:00:00Z
2024-01-06 21:30:00,Twitter,twitter,SP500 breakout incoming ðŸ”¥,0.934,5.85,304.33,4250.92,https://example.com/article/283,2024-01-06T21:30:00Z
2024-01-06 22:00:00,Financial Times,news,Crypto market sees renewed volatility,-0.659,5.39,293.38,4593.52,https://example.com/article/284,2024-01-06T22:00:00Z
2024-01-06 22:30:00,Bloomberg,news,Gold surges as investors seek safe haven assets,0.145,5.6,263.35,4073.35,https://example.com/article/285,2024-01-06T22:30:00Z
2024-01-06 23:00:00,Twitter,twitter,Oil prices are climbing again. Expect higher gas prices soon.,-0.174,4.11,285.13,4294.92,https://example.com/article/286,2024-01-06T23:00:00Z
2024-01-06 23:30:00,Twitter,twitter,Markets looking bullish today ðŸš€ #stocks,0.412,5.06,289.26,4797.56,https://example.com/article/287,2024-01-06T23:30:00Z
2024-01-07 00:00:00,Twitter,twitter,Gold going up means fear is back.,-0.246,6.37,282.18,4193.07,https://example.com/article/288,2024-01-07T00:00:00Z
2024-01-07 00:30:00,Twitter,twitter,SP500 breakout incoming ðŸ”¥,0.22,4.08,267.26,4225.51,https://example.com/article/289,2024-01-07T00:30:00Z
2024-01-07 01:00:00,CNBC,news,US housing market shows signs of cooling down,0.41,5.57,284.23,4123.74,https://example.com/article/290,2024-01-07T01:00:00Z
2024-01-07 01:30:00,Twitter,twitter,SP500 breakout incoming ðŸ”¥,-0.756,5.53,276.58,4774.21,https://example.com/article/291,2024-01-07T01:30:00Z
2024-01-07 02:00:00,Twitter,twitter,Oil prices are climbing again. Expect higher gas prices soon.,-0.419,4.36,299.99,3950.27,https://example.com/article/292,2024-01-07T02:00:00Z
2024-01-07 02:30:00,Twitter,twitter,SP500 breakout incoming ðŸ”¥,0.495,4.14,307.96,3852.47,https://example.com/article/293,2024-01-07T02:30:00Z
2024-01-07 03:00:00,Twitter,twitter,Oil prices are climbing again. Expect higher gas prices soon.,-0.782,5.72,266.75,3566.0,https://example.com/article/294,2024-01-07T03:00:00Z
2024-01-07 03:30:00,Bloomberg,news,Gold surges as investors seek safe haven assets,-0.8,4.49,283.07,4385.55,https://example.com/article/295,2024-01-07T03:30:00Z
2024-01-07 04:00:00,MarketWatch,news,Federal Reserve signals possible interest rate cut next quarter,0.956,3.97,295.7,4644.84,https://example.com/article/296,2024-01-07T04:00:00Z
2024-01-07 04:30:00,Twitter,twitter,Tech earnings smashing expectations!,0.301,5.77,270.11,3871.04,https://example.com/article/297,2024-01-07T04:30:00Z
2024-01-07 05:00:00,MarketWatch,news,Stock markets rally as tech giants post strong earnings,-0.536,5.72,309.52,3548.49,https://example.com/article/298,2024-01-07T05:00:00Z
2024-01-07 05:30:00,Reuters,news,Consumer confidence hits record high,0.868,3.61,308.53,4524.35,https://example.com/article/299,2024-01-07T05:30:00Z
2024-01-07 06:00:00,Bloomberg,news,US housing market shows signs of cooling down,-0.981,5.2,257.51,4777.89,https://example.com/article/300,2024-01-07T06:00:00Z
2024-01-07 06:30:00,Twitter,twitter,Tech earnings smashing expectations!,0.978,5.13,284.57,4720.13,https://example.com/article/301,2024-01-07T06:30:00Z
2024-01-07 07:00:00,Twitter,twitter,SP500 breakout incoming ðŸ”¥,-0.614,3.84,261.37,4096.59,https://example.com/article/302,2024-01-07T07:00:00Z
2024-01-07 07:30:00,Twitter,twitter,Oil prices are climbing again. Expect higher gas prices soon.,-0.972,4.51,270.65,4376.72,https://example.com/article/303,2024-01-07T07:30:00Z
2024-01-07 08:00:00,MarketWatch,news,Oil prices rise amid geopolitical tensions in the Middle East,0.712,6.19,307.89,4169.86,https://example.com/article/304,2024-01-07T08:00:00Z
2024-01-07 08:30:00,Bloomberg,news,Consumer confidence hits record high,-0.63,3.92,272.65,3822.46,https://example.com/article/305,2024-01-07T08:30:00Z
2024-01-07 09:00:00,Twitter,twitter,Housing market finally cooling. Buyers getting relief?,-0.529,5.76,316.78,3892.53,https://example.com/article/306,2024-01-07T09:00:00Z
2024-01-07 09:30:00,CNBC,news,US housing market shows signs of cooling down,0.386,3.69,258.28,3898.85,https://example.com/article/307,2024-01-07T09:30:00Z
2024-01-07 10:00:00,Twitter,twitter,Gold going up means fear is back.,0.846,6.16,303.89,4397.38,https://example.com/article/308,2024-01-07T10:00:00Z
2024-01-07 10:30:00,Twitter,twitter,"Unemployment down, but inflation is still high...",0.229,4.16,259.35,3699.14,https://example.com/article/309,2024-01-07T10:30:00Z
2024-01-07 11:00:00,Twitter,twitter,Housing market finally cooling. Buyers getting relief?,0.404,6.24,303.01,4542.59,https://example.com/article/310,2024-01-07T11:00:00Z
2024-01-07 11:30:00,MarketWatch,news,Gold surges as investors seek safe haven assets,0.746,3.75,281.27,4414.9,https://example.com/article/311,2024-01-07T11:30:00Z
2024-01-07 12:00:00,Bloomberg,news,Crypto market sees renewed volatility,-0.876,5.14,285.38,4244.51,https://example.com/article/312,2024-01-07T12:00:00Z
2024-01-07 12:30:00,CNBC,news,Oil prices rise amid geopolitical tensions in the Middle East,0.709,4.83,297.62,4431.99,https://example.com/article/313,2024-01-07T12:30:00Z
2024-01-07 13:00:00,Twitter,twitter,Not sure if the Fed cutting rates is good long term ðŸ¤”,0.798,4.84,253.89,3671.53,https://example.com/article/314,2024-01-07T13:00:00Z
2024-01-07 13:30:00,Twitter,twitter,Tech earnings smashing expectations!,0.128,5.18,297.09,3900.62,https://example.com/article/315,2024-01-07T13:30:00Z
2024-01-07 14:00:00,CNBC,news,Consumer confidence hits record high,0.633,5.74,290.48,3558.88,https://example.com/article/316,2024-01-07T14:00:00Z
2024-01-07 14:30:00,Twitter,twitter,Not sure if the Fed cutting rates is good long term ðŸ¤”,0.082,3.68,312.6,4781.98,https://example.com/article/317,2024-01-07T14:30:00Z
2024-01-07 15:00:00,Twitter,twitter,Markets looking bullish today ðŸš€ #stocks,-0.426,4.04,259.48,4333.98,https://example.com/article/318,2024-01-07T15:00:00Z
2024-01-07 15:30:00,Twitter,twitter,"Unemployment down, but inflation is still high...",0.986,4.65,310.87,4678.8,https://example.com/article/319,2024-01-07T15:30:00Z
2024-01-07 16:00:00,Twitter,twitter,Not sure if the Fed cutting rates is good long term ðŸ¤”,0.365,5.49,287.75,4349.59,https://example.com/article/320,2024-01-07T16:00:00Z
2024-01-07 16:30:00,Twitter,twitter,Not sure if the Fed cutting rates is good long term ðŸ¤”,-0.643,5.11,287.02,4446.22,https://example.com/article/321,2024-01-07T16:30:00Z
2024-01-07 17:00:00,Bloomberg,news,Federal Reserve signals possible interest rate cut next quarter,0.957,4.89,300.34,4051.37,https://example.com/article/322,2024-01-07T17:00:00Z
2024-01-07 17:30:00,Twitter,twitter,Feeling nervous about this volatility in crypto ðŸ˜¬,-0.505,4.54,269.3,4718.63,https://example.com/article/323,2024-01-07T17:30:00Z
2024-01-07 18:00:00,Financial Times,news,Federal Reserve signals possible interest rate cut next quarter,0.23,6.31,312.23,3812.87,https://example.com/article/324,2024-01-07T18:00:00Z
2024-01-07 18:30:00,MarketWatch,news,Stock markets rally as tech giants post strong earnings,-0.933,5.29,299.23,3563.28,https://example.com/article/325,2024-01-07T18:30:00Z
2024-01-07 19:00:00,Financial Times,news,Consumer confidence hits record high,-0.531,4.15,310.46,3573.38,https://example.com/article/326,2024-01-07T19:00:00Z
2024-01-07 19:30:00,Twitter,twitter,Feeling nervous about this volatility in crypto ðŸ˜¬,0.632,5.69,272.32,4277.29,https://example.com/article/327,2024-01-07T19:30:00Z
2024-01-07 20:00:00,Twitter,twitter,Feeling nervous about this volatility in crypto ðŸ˜¬,-0.396,3.93,296.21,3787.36,https://example.com/article/328,2024-01-07T20:00:00Z
2024-01-07 20:30:00,Twitter,twitter,SP500 breakout incoming ðŸ”¥,-0.878,6.35,311.58,4685.05,https://example.com/article/329,2024-01-07T20:30:00Z
2024-01-07 21:00:00,Twitter,twitter,Gold going up means fear is back.,-0.009,6.42,315.91,4372.75,https://example.com/article/330,2024-01-07T21:00:00Z
2024-01-07 21:30:00,Twitter,twitter,Housing market finally cooling. Buyers getting relief?,-0.183,4.4,262.87,4199.31,https://example.com/article/331,2024-01-07T21:30:00Z
2024-01-07 22:00:00,CNBC,news,Gold surges as investors seek safe haven assets,0.715,3.93,282.41,3574.91,https://example.com/article/332,2024-01-07T22:00:00Z
2024-01-07 22:30:00,Twitter,twitter,Housing market finally cooling. Buyers getting relief?,0.115,3.9,267.0,3764.34,https://example.com/article/333,2024-01-07T22:30:00Z
2024-01-07 23:00:00,CNBC,news,Global supply chain disruptions continue to weigh on markets,-0.815,5.67,263.33,3849.0,https://example.com/article/334,2024-01-07T23:00:00Z
2024-01-07 23:30:00,Reuters,news,Stock markets rally as tech giants post strong earnings,0.609,5.26,297.0,3782.12,https://example.com/article/335,2024-01-07T23:30:00Z
2024-01-08 00:00:00,CNBC,news,Unemployment rate drops to lowest level in a decade,0.914,3.55,315.6,4750.7,https://example.com/article/336,2024-01-08T00:00:00Z
2024-01-08 00:30:00,Reuters,news,Global supply chain disruptions continue to weigh on markets,0.391,5.61,277.76,3811.13,https://example.com/article/337,2024-01-08T00:30:00Z
2024-01-08 01:00:00,Twitter,twitter,SP500 breakout incoming ðŸ”¥,-0.239,5.1,275.15,3840.03,https://example.com/article/338,2024-01-08T01:00:00Z
2024-01-08 01:30:00,Twitter,twitter,Tech earnings smashing expectations!,-0.803,6.44,282.86,4591.65,https://example.com/article/339,2024-01-08T01:30:00Z
2024-01-08 02:00:00,CNBC,news,Unemployment rate drops to lowest level in a decade,-0.172,5.19,265.49,3689.7,https://example.com/article/340,2024-01-08T02:00:00Z
2024-01-08 02:30:00,Twitter,twitter,Gold going up means fear is back.,0.87,5.24,279.23,3698.13,https://example.com/article/341,2024-01-08T02:30:00Z
2024-01-08 03:00:00,Twitter,twitter,Feeling nervous about this volatility in crypto ðŸ˜¬,-0.24,6.0,284.95,4350.99,https://example.com/article/342,2024-01-08T03:00:00Z
2024-01-08 03:30:00,Twitter,twitter,SP500 breakout incoming ðŸ”¥,0.527,4.97,300.65,4461.47,https://example.com/article/343,2024-01-08T03:30:00Z
2024-01-08 04:00:00,Twitter,twitter,Oil prices are climbing again. Expect higher gas prices soon.,0.466,4.56,259.8,4210.51,https://example.com/article/344,2024-01-08T04:00:00Z
2024-01-08 04:30:00,Bloomberg,news,Central bank warns of inflation risks,0.048,6.02,255.2,4563.39,https://example.com/article/345,2024-01-08T04:30:00Z
2024-01-08 05:00:00,Financial Times,news,Federal Reserve signals possible interest rate cut next quarter,-0.725,5.39,254.76,3696.34,https://example.com/article/346,2024-01-08T05:00:00Z
2024-01-08 05:30:00,Financial Times,news,Central bank warns of inflation risks,-0.254,5.35,296.67,4301.48,https://example.com/article/347,2024-01-08T05:30:00Z
2024-01-08 06:00:00,Twitter,twitter,Tech earnings smashing expectations!,-0.969,5.1,278.79,3521.74,https://example.com/article/348,2024-01-08T06:00:00Z
2024-01-08 06:30:00,Twitter,twitter,Gold going up means fear is back.,0.955,3.55,306.92,4376.24,https://example.com/article/349,2024-01-08T06:30:00Z
2024-01-08 07:00:00,Bloomberg,news,Stock markets rally as tech giants post strong earnings,0.049,4.22,293.38,3828.14,https://example.com/article/350,2024-01-08T07:00:00Z
2024-01-08 07:30:00,Twitter,twitter,SP500 breakout incoming ðŸ”¥,0.59,3.74,317.15,4096.7,https://example.com/article/351,2024-01-08T07:30:00Z
2024-01-08 08:00:00,CNBC,news,Gold surges as investors seek safe haven assets,0.368,6.04,295.76,4615.68,https://example.com/article/352,2024-01-08T08:00:00Z
2024-01-08 08:30:00,Financial Times,news,Stock markets rally as tech giants post strong earnings,-0.241,5.16,253.93,3512.29,https://example.com/article/353,2024-01-08T08:30:00Z
2024-01-08 09:00:00,Financial Times,news,Stock markets rally as tech giants post strong earnings,0.691,5.43,273.19,4770.53,https://example.com/article/354,2024-01-08T09:00:00Z
2024-01-08 09:30:00,Bloomberg,news,Central bank warns of inflation risks,-0.54,6.2,298.46,4236.82,https://example.com/article/355,2024-01-08T09:30:00Z
2024-01-08 10:00:00,Twitter,twitter,Markets looking bullish today ðŸš€ #stocks,0.848,5.55,269.63,4205.94,https://example.com/article/356,2024-01-08T10:00:00Z
2024-01-08 10:30:00,CNBC,news,Oil prices rise amid geopolitical tensions in the Middle East,-0.969,4.12,260.09,4566.9,https://example.com/article/357,2024-01-08T10:30:00Z
2024-01-08 11:00:00,Twitter,twitter,Not sure if the Fed cutting rates is good long term ðŸ¤”,-0.401,5.19,289.67,4604.28,https://example.com/article/358,2024-01-08T11:00:00Z
2024-01-08 11:30:00,Twitter,twitter,Housing market finally cooling. Buyers getting relief?,0.511,3.92,319.19,4441.41,https://example.com/article/359,2024-01-08T11:30:00Z
2024-01-08 12:00:00,Twitter,twitter,Markets looking bullish today ðŸš€ #stocks,-0.805,4.2,255.32,4286.72,https://example.com/article/360,2024-01-08T12:00:00Z
2024-01-08 12:30:00,Twitter,twitter,"Unemployment down, but inflation is still high...",-0.941,4.32,319.48,4137.78,https://example.com/article/361,2024-01-08T12:30:00Z
2024-01-08 13:00:00,Twitter,twitter,Gold going up means fear is back.,0.882,4.8,297.58,4358.87,https://example.com/article/362,2024-01-08T13:00:00Z
2024-01-08 13:30:00,CNBC,news,Crypto market sees renewed volatility,0.596,5.64,255.74,3700.49,https://example.com/article/363,2024-01-08T13:30:00Z
2024-01-08 14:00:00,CNBC,news,Consumer confidence hits record high,-0.279,3.77,316.01,4078.16,https://example.com/article/364,2024-01-08T14:00:00Z
2024-01-08 14:30:00,Twitter,twitter,Not sure if the Fed cutting rates is good long term ðŸ¤”,-0.735,4.06,281.42,4221.16,https://example.com/article/365,2024-01-08T14:30:00Z
2024-01-08 15:00:00,Twitter,twitter,Not sure if the Fed cutting rates is good long term ðŸ¤”,-0.947,4.56,256.51,4277.46,https://example.com/article/366,2024-01-08T15:00:00Z
2024-01-08 15:30:00,Twitter,twitter,Housing market finally cooling. Buyers getting relief?,-0.975,4.74,304.54,4442.3,https://example.com/article/367,2024-01-08T15:30:00Z
2024-01-08 16:00:00,MarketWatch,news,Crypto market sees renewed volatility,-0.661,4.64,259.72,3891.47,https://example.com/article/368,2024-01-08T16:00:00Z
2024-01-08 16:30:00,Twitter,twitter,Oil prices are climbing again. Expect higher gas prices soon.,-0.873,4.8,279.48,4129.5,https://example.com/article/369,2024-01-08T16:30:00Z
2024-01-08 17:00:00,CNBC,news,Unemployment rate drops to lowest level in a decade,0.888,5.66,284.71,4301.67,https://example.com/article/370,2024-01-08T17:00:00Z
2024-01-08 17:30:00,Twitter,twitter,Not sure if the Fed cutting rates is good long term ðŸ¤”,-0.729,3.52,277.7,4594.1,https://example.com/article/371,2024-01-08T17:30:00Z
2024-01-08 18:00:00,Twitter,twitter,"Unemployment down, but inflation is still high...",-0.12,4.79,307.65,4346.35,https://example.com/article/372,2024-01-08T18:00:00Z
2024-01-08 18:30:00,CNBC,news,US housing market shows signs of cooling down,0.206,5.59,283.53,3730.93,https://example.com/article/373,2024-01-08T18:30:00Z
2024-01-08 19:00:00,Twitter,twitter,"Unemployment down, but inflation is still high...",-0.417,5.58,284.37,4248.64,https://example.com/article/374,2024-01-08T19:00:00Z
2024-01-08 19:30:00,Financial Times,news,Unemployment rate drops to lowest level in a decade,-0.439,5.86,275.55,4711.69,https://example.com/article/375,2024-01-08T19:30:00Z
2024-01-08 20:00:00,MarketWatch,news,Crypto market sees renewed volatility,-0.64,5.8,251.88,4445.38,https://example.com/article/376,2024-01-08T20:00:00Z
2024-01-08 20:30:00,CNBC,news,Global supply chain disruptions continue to weigh on markets,0.663,3.71,309.35,4533.56,https://example.com/article/377,2024-01-08T20:30:00Z
2024-01-08 21:00:00,Twitter,twitter,Oil prices are climbing again. Expect higher gas prices soon.,0.267,4.23,296.11,4429.81,https://example.com/article/378,2024-01-08T21:00:00Z
2024-01-08 21:30:00,Twitter,twitter,Not sure if the Fed cutting rates is good long term ðŸ¤”,-0.102,5.29,290.76,4194.68,https://example.com/article/379,2024-01-08T21:30:00Z
2024-01-08 22:00:00,Twitter,twitter,Gold going up means fear is back.,-0.926,6.41,299.11,4555.99,https://example.com/article/380,2024-01-08T22:00:00Z
2024-01-08 22:30:00,Reuters,news,Stock markets rally as tech giants post strong earnings,0.315,4.57,295.29,3557.59,https://example.com/article/381,2024-01-08T22:30:00Z
2024-01-08 23:00:00,Twitter,twitter,"Unemployment down, but inflation is still high...",0.931,4.79,250.74,3836.36,https://example.com/article/382,2024-01-08T23:00:00Z
2024-01-08 23:30:00,CNBC,news,Global supply chain disruptions continue to weigh on markets,-0.218,5.82,291.2,4150.61,https://example.com/article/383,2024-01-08T23:30:00Z
2024-01-09 00:00:00,Twitter,twitter,Markets looking bullish today ðŸš€ #stocks,-0.034,4.39,314.44,3611.61,https://example.com/article/384,2024-01-09T00:00:00Z
2024-01-09 00:30:00,CNBC,news,Unemployment rate drops to lowest level in a decade,-0.314,5.85,286.48,3952.79,https://example.com/article/385,2024-01-09T00:30:00Z
2024-01-09 01:00:00,Financial Times,news,Global supply chain disruptions continue to weigh on markets,-0.362,4.4,306.71,3649.61,https://example.com/article/386,2024-01-09T01:00:00Z
2024-01-09 01:30:00,Twitter,twitter,Not sure if the Fed cutting rates is good long term ðŸ¤”,0.354,3.99,318.87,3817.09,https://example.com/article/387,2024-01-09T01:30:00Z
2024-01-09 02:00:00,Reuters,news,Central bank warns of inflation risks,-0.338,4.78,282.34,4537.08,https://example.com/article/388,2024-01-09T02:00:00Z
2024-01-09 02:30:00,Financial Times,news,Oil prices rise amid geopolitical tensions in the Middle East,-0.209,5.71,311.82,4084.45,https://example.com/article/389,2024-01-09T02:30:00Z
2024-01-09 03:00:00,Twitter,twitter,Housing market finally cooling. Buyers getting relief?,-0.991,4.14,269.48,4414.89,https://example.com/article/390,2024-01-09T03:00:00Z
2024-01-09 03:30:00,Bloomberg,news,Crypto market sees renewed volatility,0.599,5.11,275.61,3756.2,https://example.com/article/391,2024-01-09T03:30:00Z
2024-01-09 04:00:00,Financial Times,news,US housing market shows signs of cooling down,0.055,5.42,291.79,4294.7,https://example.com/article/392,2024-01-09T04:00:00Z
2024-01-09 04:30:00,CNBC,news,Unemployment rate drops to lowest level in a decade,0.691,5.35,306.96,4417.78,https://example.com/article/393,2024-01-09T04:30:00Z
2024-01-09 05:00:00,Twitter,twitter,CPI numbers tomorrow. Brace yourselves.,0.18,5.52,271.92,3810.14,https://example.com/article/394,2024-01-09T05:00:00Z
2024-01-09 05:30:00,CNBC,news,Oil prices rise amid geopolitical tensions in the Middle East,0.387,5.03,279.28,3679.23,https://example.com/article/395,2024-01-09T05:30:00Z
2024-01-09 06:00:00,Twitter,twitter,Housing market finally cooling. Buyers getting relief?,-0.628,5.41,298.54,4338.84,https://example.com/article/396,2024-01-09T06:00:00Z
2024-01-09 06:30:00,Reuters,news,Central bank warns of inflation risks,-0.021,3.92,272.02,4086.3,https://example.com/article/397,2024-01-09T06:30:00Z
2024-01-09 07:00:00,Bloomberg,news,Unemployment rate drops to lowest level in a decade,-0.031,4.09,276.88,4230.06,https://example.com/article/398,2024-01-09T07:00:00Z
2024-01-09 07:30:00,Twitter,twitter,Housing market finally cooling. Buyers getting relief?,0.369,4.75,308.79,4135.31,https://example.com/article/399,2024-01-09T07:30:00Z
2024-01-09 08:00:00,Bloomberg,news,Crypto market sees renewed volatility,0.592,4.16,252.29,3792.3,https://example.com/article/400,2024-01-09T08:00:00Z
2024-01-09 08:30:00,Twitter,twitter,Oil prices are climbing again. Expect higher gas prices soon.,0.561,5.2,304.08,4143.91,https://example.com/article/401,2024-01-09T08:30:00Z
2024-01-09 09:00:00,Bloomberg,news,Crypto market sees renewed volatility,-0.464,5.13,319.36,4204.66,https://example.com/article/402,2024-01-09T09:00:00Z
2024-01-09 09:30:00,MarketWatch,news,Global supply chain disruptions continue to weigh on markets,-0.563,4.78,301.52,4349.77,https://example.com/article/403,2024-01-09T09:30:00Z
2024-01-09 10:00:00,Bloomberg,news,US housing market shows signs of cooling down,-0.101,4.55,307.17,4070.79,https://example.com/article/404,2024-01-09T10:00:00Z
2024-01-09 10:30:00,Reuters,news,Gold surges as investors seek safe haven assets,0.621,5.26,274.54,4423.98,https://example.com/article/405,2024-01-09T10:30:00Z
2024-01-09 11:00:00,Twitter,twitter,Oil prices are climbing again. Expect higher gas prices soon.,0.232,5.85,306.95,4547.07,https://example.com/article/406,2024-01-09T11:00:00Z
2024-01-09 11:30:00,Twitter,twitter,Gold going up means fear is back.,-0.438,5.12,272.66,4415.27,https://example.com/article/407,2024-01-09T11:30:00Z
2024-01-09 12:00:00,Twitter,twitter,CPI numbers tomorrow. Brace yourselves.,-0.465,6.07,318.98,4383.09,https://example.com/article/408,2024-01-09T12:00:00Z
2024-01-09 12:30:00,Financial Times,news,Oil prices rise amid geopolitical tensions in the Middle East,0.838,6.48,310.69,3664.95,https://example.com/article/409,2024-01-09T12:30:00Z
2024-01-09 13:00:00,Reuters,news,Gold surges as investors seek safe haven assets,0.423,5.99,303.3,4379.1,https://example.com/article/410,2024-01-09T13:00:00Z
2024-01-09 13:30:00,Twitter,twitter,Oil prices are climbing again. Expect higher gas prices soon.,0.155,4.31,279.0,4087.59,https://example.com/article/411,2024-01-09T13:30:00Z
2024-01-09 14:00:00,MarketWatch,news,Consumer confidence hits record high,0.5,5.58,311.41,4091.1,https://example.com/article/412,2024-01-09T14:00:00Z
2024-01-09 14:30:00,Twitter,twitter,"Unemployment down, but inflation is still high...",0.164,6.11,309.3,3621.08,https://example.com/article/413,2024-01-09T14:30:00Z
2024-01-09 15:00:00,Twitter,twitter,"Unemployment down, but inflation is still high...",0.7,5.89,277.84,4758.57,https://example.com/article/414,2024-01-09T15:00:00Z
2024-01-09 15:30:00,CNBC,news,Global supply chain disruptions continue to weigh on markets,-0.354,4.35,288.31,3669.77,https://example.com/article/415,2024-01-09T15:30:00Z
2024-01-09 16:00:00,Twitter,twitter,"Unemployment down, but inflation is still high...",0.788,5.79,253.22,4314.03,https://example.com/article/416,2024-01-09T16:00:00Z
2024-01-09 16:30:00,Twitter,twitter,Markets looking bullish today ðŸš€ #stocks,-0.752,6.07,280.89,3500.88,https://example.com/article/417,2024-01-09T16:30:00Z
2024-01-09 17:00:00,Twitter,twitter,Feeling nervous about this volatility in crypto ðŸ˜¬,0.991,6.23,311.75,3892.43,https://example.com/article/418,2024-01-09T17:00:00Z
2024-01-09 17:30:00,Twitter,twitter,Not sure if the Fed cutting rates is good long term ðŸ¤”,0.309,4.25,276.03,4674.94,https://example.com/article/419,2024-01-09T17:30:00Z
2024-01-09 18:00:00,Financial Times,news,Federal Reserve signals possible interest rate cut next quarter,0.251,5.68,302.87,4058.0,https://example.com/article/420,2024-01-09T18:00:00Z
2024-01-09 18:30:00,Bloomberg,news,Stock markets rally as tech giants post strong earnings,-0.573,3.73,291.56,4175.28,https://example.com/article/421,2024-01-09T18:30:00Z
2024-01-09 19:00:00,Twitter,twitter,Markets looking bullish today ðŸš€ #stocks,-0.984,4.53,258.44,4618.44,https://example.com/article/422,2024-01-09T19:00:00Z
2024-01-09 19:30:00,Bloomberg,news,Global supply chain disruptions continue to weigh on markets,-0.542,3.77,306.42,3634.16,https://example.com/article/423,2024-01-09T19:30:00Z
2024-01-09 20:00:00,Twitter,twitter,SP500 breakout incoming ðŸ”¥,-0.726,5.82,302.72,3673.09,https://example.com/article/424,2024-01-09T20:00:00Z
2024-01-09 20:30:00,MarketWatch,news,Stock markets rally as tech giants post strong earnings,0.127,5.33,261.49,3956.54,https://example.com/article/425,2024-01-09T20:30:00Z
2024-01-09 21:00:00,Financial Times,news,Oil prices rise amid geopolitical tensions in the Middle East,0.232,4.83,265.21,4665.57,https://example.com/article/426,2024-01-09T21:00:00Z
2024-01-09 21:30:00,MarketWatch,news,Stock markets rally as tech giants post strong earnings,0.46,4.55,280.06,4528.4,https://example.com/article/427,2024-01-09T21:30:00Z
2024-01-09 22:00:00,Bloomberg,news,US housing market shows signs of cooling down,-0.504,5.3,300.48,3870.4,https://example.com/article/428,2024-01-09T22:00:00Z
2024-01-09 22:30:00,Reuters,news,US housing market shows signs of cooling down,0.035,5.03,302.35,3884.2,https://example.com/article/429,2024-01-09T22:30:00Z
2024-01-09 23:00:00,Financial Times,news,Gold surges as investors seek safe haven assets,-0.228,4.22,294.67,3592.32,https://example.com/article/430,2024-01-09T23:00:00Z
2024-01-09 23:30:00,CNBC,news,Unemployment rate drops to lowest level in a decade,-0.736,6.08,289.79,3975.04,https://example.com/article/431,2024-01-09T23:30:00Z
2024-01-10 00:00:00,Bloomberg,news,Global supply chain disruptions continue to weigh on markets,-0.967,3.7,268.35,3551.77,https://example.com/article/432,2024-01-10T00:00:00Z
2024-01-10 00:30:00,MarketWatch,news,Consumer confidence hits record high,-0.427,5.64,303.7,4050.65,https://example.com/article/433,2024-01-10T00:30:00Z
2024-01-10 01:00:00,Twitter,twitter,Not sure if the Fed cutting rates is good long term ðŸ¤”,0.281,5.11,260.69,3608.68,https://example.com/article/434,2024-01-10T01:00:00Z
2024-01-10 01:30:00,Reuters,news,Central bank warns of inflation risks,0.949,3.97,272.87,4262.37,https://example.com/article/435,2024-01-10T01:30:00Z
2024-01-10 02:00:00,Financial Times,news,US housing market shows signs of cooling down,0.46,6.04,254.05,3612.08,https://example.com/article/436,2024-01-10T02:00:00Z
2024-01-10 02:30:00,Twitter,twitter,Not sure if the Fed cutting rates is good long term ðŸ¤”,-0.093,5.33,271.65,4464.2,https://example.com/article/437,2024-01-10T02:30:00Z
2024-01-10 03:00:00,Bloomberg,news,Stock markets rally as tech giants post strong earnings,0.416,5.6,261.47,4738.92,https://example.com/article/438,2024-01-10T03:00:00Z
2024-01-10 03:30:00,Twitter,twitter,Oil prices are climbing again. Expect higher gas prices soon.,-0.256,5.75,311.14,4452.82,https://example.com/article/439,2024-01-10T03:30:00Z
2024-01-10 04:00:00,CNBC,news,Federal Reserve signals possible interest rate cut next quarter,0.614,4.32,254.47,4426.02,https://example.com/article/440,2024-01-10T04:00:00Z
2024-01-10 04:30:00,Financial Times,news,Global supply chain disruptions continue to weigh on markets,0.022,3.67,310.16,3716.95,https://example.com/article/441,2024-01-10T04:30:00Z
2024-01-10 05:00:00,Bloomberg,news,US housing market shows signs of cooling down,0.789,5.52,258.07,4463.01,https://example.com/article/442,2024-01-10T05:00:00Z
2024-01-10 05:30:00,Bloomberg,news,Federal Reserve signals possible interest rate cut next quarter,-0.511,4.92,276.81,3695.11,https://example.com/article/443,2024-01-10T05:30:00Z
2024-01-10 06:00:00,Financial Times,news,Central bank warns of inflation risks,-0.551,4.24,314.11,3915.92,https://example.com/article/444,2024-01-10T06:00:00Z
2024-01-10 06:30:00,CNBC,news,Crypto market sees renewed volatility,-0.761,5.52,253.69,3790.14,https://example.com/article/445,2024-01-10T06:30:00Z
2024-01-10 07:00:00,Bloomberg,news,Consumer confidence hits record high,0.754,6.1,304.15,3903.91,https://example.com/article/446,2024-01-10T07:00:00Z
2024-01-10 07:30:00,Financial Times,news,Central bank warns of inflation risks,-0.984,4.1,289.47,3895.08,https://example.com/article/447,2024-01-10T07:30:00Z
2024-01-10 08:00:00,CNBC,news,Global supply chain disruptions continue to weigh on markets,0.183,4.98,304.08,3754.05,https://example.com/article/448,2024-01-10T08:00:00Z
2024-01-10 08:30:00,Bloomberg,news,Oil prices rise amid geopolitical tensions in the Middle East,0.865,3.57,287.91,4326.72,https://example.com/article/449,2024-01-10T08:30:00Z
2024-01-10 09:00:00,Bloomberg,news,Unemployment rate drops to lowest level in a decade,0.518,4.63,301.67,3899.76,https://example.com/article/450,2024-01-10T09:00:00Z
2024-01-10 09:30:00,Reuters,news,Central bank warns of inflation risks,-0.16,6.38,318.08,3685.09,https://example.com/article/451,2024-01-10T09:30:00Z
2024-01-10 10:00:00,Twitter,twitter,Not sure if the Fed cutting rates is good long term ðŸ¤”,-0.912,4.19,309.19,4036.97,https://example.com/article/452,2024-01-10T10:00:00Z
2024-01-10 10:30:00,Twitter,twitter,Tech earnings smashing expectations!,0.949,3.75,256.69,3673.57,https://example.com/article/453,2024-01-10T10:30:00Z
2024-01-10 11:00:00,Twitter,twitter,Not sure if the Fed cutting rates is good long term ðŸ¤”,0.184,3.69,296.37,3669.92,https://example.com/article/454,2024-01-10T11:00:00Z
2024-01-10 11:30:00,Twitter,twitter,SP500 breakout incoming ðŸ”¥,0.702,6.28,277.51,4581.47,https://example.com/article/455,2024-01-10T11:30:00Z
2024-01-10 12:00:00,Twitter,twitter,"Unemployment down, but inflation is still high...",-0.094,4.2,316.05,3676.95,https://example.com/article/456,2024-01-10T12:00:00Z
2024-01-10 12:30:00,Bloomberg,news,Oil prices rise amid geopolitical tensions in the Middle East,-0.671,4.9,278.46,4196.7,https://example.com/article/457,2024-01-10T12:30:00Z
2024-01-10 13:00:00,CNBC,news,Global supply chain disruptions continue to weigh on markets,-0.073,6.06,256.33,4549.88,https://example.com/article/458,2024-01-10T13:00:00Z
2024-01-10 13:30:00,Twitter,twitter,CPI numbers tomorrow. Brace yourselves.,-0.919,6.01,272.95,3618.58,https://example.com/article/459,2024-01-10T13:30:00Z
2024-01-10 14:00:00,Financial Times,news,Unemployment rate drops to lowest level in a decade,0.027,5.53,268.21,4787.88,https://example.com/article/460,2024-01-10T14:00:00Z
2024-01-10 14:30:00,Financial Times,news,Consumer confidence hits record high,0.112,5.15,256.63,3632.48,https://example.com/article/461,2024-01-10T14:30:00Z
2024-01-10 15:00:00,Bloomberg,news,Stock markets rally as tech giants post strong earnings,-0.877,5.84,265.56,3757.57,https://example.com/article/462,2024-01-10T15:00:00Z
2024-01-10 15:30:00,Twitter,twitter,"Unemployment down, but inflation is still high...",0.373,6.31,255.88,4261.95,https://example.com/article/463,2024-01-10T15:30:00Z
2024-01-10 16:00:00,Bloomberg,news,Federal Reserve signals possible interest rate cut next quarter,-0.604,5.44,306.65,3619.57,https://example.com/article/464,2024-01-10T16:00:00Z
2024-01-10 16:30:00,Twitter,twitter,Not sure if the Fed cutting rates is good long term ðŸ¤”,-0.915,4.88,261.76,4246.05,https://example.com/article/465,2024-01-10T16:30:00Z
2024-01-10 17:00:00,Twitter,twitter,Tech earnings smashing expectations!,-0.941,5.55,262.1,3779.13,https://example.com/article/466,2024-01-10T17:00:00Z
2024-01-10 17:30:00,CNBC,news,US housing market shows signs of cooling down,-0.108,3.95,292.99,4302.07,https://example.com/article/467,2024-01-10T17:30:00Z
2024-01-10 18:00:00,Twitter,twitter,Tech earnings smashing expectations!,-0.176,5.15,254.27,3863.71,https://example.com/article/468,2024-01-10T18:00:00Z
2024-01-10 18:30:00,Reuters,news,Consumer confidence hits record high,0.285,5.89,267.44,4792.31,https://example.com/article/469,2024-01-10T18:30:00Z
2024-01-10 19:00:00,CNBC,news,Consumer confidence hits record high,-0.041,5.84,274.08,4235.35,https://example.com/article/470,2024-01-10T19:00:00Z
2024-01-10 19:30:00,Twitter,twitter,Housing market finally cooling. Buyers getting relief?,-0.459,3.58,291.8,3538.09,https://example.com/article/471,2024-01-10T19:30:00Z
2024-01-10 20:00:00,Twitter,twitter,Markets looking bullish today ðŸš€ #stocks,0.617,4.92,275.02,4259.19,https://example.com/article/472,2024-01-10T20:00:00Z
2024-01-10 20:30:00,Bloomberg,news,Oil prices rise amid geopolitical tensions in the Middle East,-0.504,4.22,287.36,4528.61,https://example.com/article/473,2024-01-10T20:30:00Z
2024-01-10 21:00:00,MarketWatch,news,Gold surges as investors seek safe haven assets,0.693,5.89,274.84,4590.99,https://example.com/article/474,2024-01-10T21:00:00Z
2024-01-10 21:30:00,Reuters,news,Oil prices rise amid geopolitical tensions in the Middle East,0.185,5.92,298.83,4688.17,https://example.com/article/475,2024-01-10T21:30:00Z
2024-01-10 22:00:00,MarketWatch,news,Unemployment rate drops to lowest level in a decade,0.127,5.19,263.18,4784.41,https://example.com/article/476,2024-01-10T22:00:00Z
2024-01-10 22:30:00,Twitter,twitter,Gold going up means fear is back.,-0.382,4.97,256.32,3802.41,https://example.com/article/477,2024-01-10T22:30:00Z
2024-01-10 23:00:00,MarketWatch,news,Federal Reserve signals possible interest rate cut next quarter,-0.044,4.5,292.99,4548.38,https://example.com/article/478,2024-01-10T23:00:00Z
2024-01-10 23:30:00,Twitter,twitter,Oil prices are climbing again. Expect higher gas prices soon.,0.838,6.03,272.65,3528.49,https://example.com/article/479,2024-01-10T23:30:00Z
2024-01-11 00:00:00,MarketWatch,news,Stock markets rally as tech giants post strong earnings,0.721,6.38,276.15,4724.5,https://example.com/article/480,2024-01-11T00:00:00Z
2024-01-11 00:30:00,Twitter,twitter,CPI numbers tomorrow. Brace yourselves.,-0.798,4.41,259.55,3704.76,https://example.com/article/481,2024-01-11T00:30:00Z
2024-01-11 01:00:00,Twitter,twitter,Tech earnings smashing expectations!,0.298,4.02,317.81,4401.63,https://example.com/article/482,2024-01-11T01:00:00Z
2024-01-11 01:30:00,Twitter,twitter,Feeling nervous about this volatility in crypto ðŸ˜¬,0.331,5.94,276.49,4454.19,https://example.com/article/483,2024-01-11T01:30:00Z
2024-01-11 02:00:00,Twitter,twitter,Oil prices are climbing again. Expect higher gas prices soon.,-0.645,3.51,299.14,4244.69,https://example.com/article/484,2024-01-11T02:00:00Z
2024-01-11 02:30:00,MarketWatch,news,Oil prices rise amid geopolitical tensions in the Middle East,-0.364,5.93,292.8,4331.54,https://example.com/article/485,2024-01-11T02:30:00Z
2024-01-11 03:00:00,Reuters,news,Global supply chain disruptions continue to weigh on markets,-0.338,3.73,274.28,3915.37,https://example.com/article/486,2024-01-11T03:00:00Z
2024-01-11 03:30:00,Financial Times,news,Unemployment rate drops to lowest level in a decade,-0.977,4.13,298.52,3955.63,https://example.com/article/487,2024-01-11T03:30:00Z
2024-01-11 04:00:00,Bloomberg,news,Federal Reserve signals possible interest rate cut next quarter,-0.228,5.7,317.84,4649.92,https://example.com/article/488,2024-01-11T04:00:00Z
2024-01-11 04:30:00,Twitter,twitter,Housing market finally cooling. Buyers getting relief?,-0.298,4.63,308.02,4525.35,https://example.com/article/489,2024-01-11T04:30:00Z
2024-01-11 05:00:00,Financial Times,news,Oil prices rise amid geopolitical tensions in the Middle East,-0.853,6.04,270.64,3914.33,https://example.com/article/490,2024-01-11T05:00:00Z
2024-01-11 05:30:00,CNBC,news,Stock markets rally as tech giants post strong earnings,-0.66,4.63,301.24,4211.16,https://example.com/article/491,2024-01-11T05:30:00Z
2024-01-11 06:00:00,MarketWatch,news,Unemployment rate drops to lowest level in a decade,0.971,6.18,299.32,4060.72,https://example.com/article/492,2024-01-11T06:00:00Z
2024-01-11 06:30:00,Financial Times,news,Crypto market sees renewed volatility,-0.686,3.8,264.39,3746.98,https://example.com/article/493,2024-01-11T06:30:00Z
2024-01-11 07:00:00,Twitter,twitter,SP500 breakout incoming ðŸ”¥,-0.405,3.79,277.5,4214.56,https://example.com/article/494,2024-01-11T07:00:00Z
2024-01-11 07:30:00,Twitter,twitter,Oil prices are climbing again. Expect higher gas prices soon.,-0.891,3.51,256.13,4571.07,https://example.com/article/495,2024-01-11T07:30:00Z
2024-01-11 08:00:00,Twitter,twitter,Feeling nervous about this volatility in crypto ðŸ˜¬,-0.806,4.12,294.67,4770.18,https://example.com/article/496,2024-01-11T08:00:00Z
2024-01-11 08:30:00,Twitter,twitter,Not sure if the Fed cutting rates is good long term ðŸ¤”,-0.383,4.69,284.24,4359.35,https://example.com/article/497,2024-01-11T08:30:00Z
2024-01-11 09:00:00,Financial Times,news,Central bank warns of inflation risks,-0.63,6.16,275.86,4079.51,https://example.com/article/498,2024-01-11T09:00:00Z
2024-01-11 09:30:00,Twitter,twitter,Tech earnings smashing expectations!,-0.07,4.18,268.8,3580.13,https://example.com/article/499,2024-01-11T09:30:00Z
